claimReasonText,memberHCId,transactionPath,serviceStartDate,providerTaxId,memberCode,providerLicenseNo,accumName,sourceSystemClaimId,memberContract,serviceEndDate,lastUpdtUsrId,organizationCode,visits,claimSource,providerNPIId,memberSource,accumStartDate,claimId,days,memberCase,accumEndDate,amount,memberTier,productType,diagnosisCode,claimNetwork
NA,17A000018,EA,2019-05-01,123456789,10,A00076108,BASINDED,2019008SG00180999,AAAA,2019-05-01,AUTOTEST,ANT,0,WGS,1871538769,808,2019-01-01,2019008SG00180999,0,AUTO001,2019-12-31,50,0,MED,NA,T1
NA,17A000018,EA,2019-05-01,123456789,10,A00076108,BASFMDED,2019008SG00180999,AAAA,2019-05-01,AUTOTEST,ANT,0,WGS,1871538769,808,2019-01-01,2019008SG00180999,0,AUTO001,2019-12-31,50,0,MED,NA,T1
NA,17A000018,EA,2019-05-01,123456789,10,A00076108,HMINDOOP,2019008SG00180999,AAAA,2019-05-01,AUTOTEST,ANT,0,WGS,1871538769,808,2019-01-01,2019008SG00180999,0,AUTO001,2019-12-31,100,0,MED,NA,T1
NA,17A000018,EA,2019-05-01,123456789,10,A00076108,HMFAMOOP,2019008SG00180999,AAAA,2019-05-01,AUTOTEST,ANT,0,WGS,1871538769,808,2019-01-01,2019008SG00180999,0,AUTO001,2019-12-31,100,0,MED,NA,T1
NA,17A000018,EA,2019-05-01,123456789,10,A00076108,BASFMDED,2019008SG00280999,AAAA,2019-05-01,AUTOTEST,ANT,0,WGS,1871538769,808,2019-01-01,2019008SG00280999,0,AUTO001,2019-12-31,40,0,MED,NA,T1
NA,17A000018,EA,2019-05-01,123456789,10,A00076108,HMFAMOOP,2019008SG00280999,AAAA,2019-05-01,AUTOTEST,ANT,0,WGS,1871538769,808,2019-01-01,2019008SG00280999,0,AUTO001,2019-12-31,100,0,MED,NA,T1
NA,17A000018,EA,2019-05-01,123456789,40,A00076108,BASFMDED,2019008SG00380999,AAAA,2019-05-01,AUTOTEST,ANT,0,WGS,1871538769,808,2019-01-01,2019008SG00380999,0,AUTO001,2019-12-31,30,0,MED,NA,T1
NA,17A000018,EA,2019-05-01,123456789,40,A00076108,HMINDOOP,2019008SG00380999,AAAA,2019-05-01,AUTOTEST,ANT,0,WGS,1871538769,808,2019-01-01,2019008SG00380999,0,AUTO001,2019-12-31,100,0,MED,NA,T1
NA,17A000018,EA,2019-05-01,123456789,40,A00076108,HMFAMOOP,2019008SG00380999,AAAA,2019-05-01,AUTOTEST,ANT,0,WGS,1871538769,808,2019-01-01,2019008SG00380999,0,AUTO001,2019-12-31,100,0,MED,NA,T1
NA,17A000018,EA,2019-05-01,123456789,10,A00076108,CHIROMAX,2019008SG00480999,AAAA,2019-05-01,AUTOTEST,ANT,2,WGS,1871538769,808,2019-01-01,2019008SG00480999,5,AUTO001,2019-12-31,75,0,MED,NA,T1
NA,17A000018,EA,2019-05-01,123456789,10,A00076108,CHIROMAX,2019008SG00580999,AAAA,2019-05-01,AUTOTEST,ANT,8,WGS,1871538769,808,2019-01-01,2019008SG00580999,5,AUTO001,2019-12-31,100,0,MED,NA,T1
